Desiree Farley,m,42,247,147,2235
Louis Cook,m,105,51,20,2365
Abigail Hawkins,m,39,190,84,1824
John White,f,29,243,132,1913
Cassandra Williams,m,86,71,14,1925
Barbara Mclean,m,60,237,139,1364
Roy Castillo,m,43,82,19,2860
Annette Holmes,m,18,207,110,1434
Steven Martin,f,20,116,39,2044
Helen Smith,m,86,118,32,2016
Christopher Holmes,f,103,169,79,1804
Victor Kemp,f,7,241,140,2187
John Morris,f,55,115,41,2024
Kim Wood,m,76,130,46,1580
Brian Riley,m,21,41,17,2781
Francis Andrews,m,107,209,101,1996
Todd King,f,110,218,112,2864
Anna Lynch,m,98,122,46,2447
Travis Anderson,f,35,208,107,2415
Jeffrey Rodriguez,f,62,157,64,1587
Mark Miller,f,99,101,28,2630
Robin Hubbard,f,41,97,23,2859
Rodney Caldwell,m,43,103,37,1207
Lisa Richard,m,35,170,67,1230
David Browning,m,54,231,125,2313
Debbie Martinez,m,20,49,13,2030
Scott Rodriguez,m,88,98,35,2486
Richard Torres Jr.,m,17,198,95,2683
Tonya Sanders,m,61,187,89,2649
Benjamin Compton,m,32,68,17,1078
Stephanie Lopez,m,10,243,133,1875
Richard Stewart,m,61,196,89,2010
Anita Brown,f,45,160,58,2458
Carol Payne,f,57,141,54,2432
Lance Clarke,m,54,148,59,2799
Jamie Martin,f,30,148,55,1480
Lisa Atkinson,m,40,154,55,1563
Linda Prince,f,97,53,19,1483
Amy Wright,f,49,117,37,2626
William Walker,m,59,175,76,1059
Joel Martin,f,17,145,52,1791
Mr. Andrew Brown,f,16,57,14,2472
Amanda Riley,f,65,142,58,1908
Ashley Guerrero,f,52,175,79,1923
Brenda Burton,m,74,218,109,1287
Lawrence Miller,m,93,185,85,2897
Heather Ruiz,f,61,120,39,1998
Michael Valenzuela,f,44,182,82,2350
Debbie Lewis,m,11,64,14,2502
Mr. Jose Cunningham DVM,f,5,148,53,1996
Mrs. Dawn Cabrera,m,99,148,60,2084
Scott Briggs,f,36,206,100,1644
John Ross,f,75,217,108,1650
Christopher Terrell Jr.,m,84,61,18,1214
Melissa Arnold,f,96,186,92,1838
John Fernandez,m,42,186,92,2009
Roger Meza,f,49,212,112,2532
Marcus Cherry,f,44,143,51,2261
Tracy Alvarez,m,107,82,16,2901
Michael Watkins,m,24,92,23,1076
Gary Brewer,f,42,227,118,2970
Matthew Munoz,m,21,50,13,2572
Mikayla Walls,f,21,228,117,1508
Madeline Cunningham,f,75,239,129,2194
Wendy Dunn,f,23,68,19,1933
Brian Gray,m,19,203,103,2758
Carlos Lewis,m,58,198,96,2544
Steven Martinez,m,73,183,87,2925
Erika Lucas,m,33,121,35,2505
Cameron Baxter,f,7,158,56,2653
Sheila Williams,f,19,74,22,2729
Ashley Bernard,m,52,104,31,2693
Brittany Parker,f,77,153,60,2753
Stephen Jackson,f,3,48,14,1329
Patrick Wagner,m,13,146,57,2917
Adam Fischer,f,58,196,87,1834
Christine Dickerson,f,38,57,22,1985
Victor Brown,m,32,182,87,1563
Michael Simmons,m,30,59,9,2908
John Daniels,m,83,152,56,2365
Laura Costa,m,6,98,21,1237
Tamara Gomez,f,108,178,80,2456
Richard Harris,m,45,114,41,2267
Anthony Rodriguez,m,1,85,17,1217
Dr. Aaron Reeves,m,25,82,30,1295
Bethany Moore,m,67,147,63,1274
Ryan Young,f,110,219,114,1011
John Irwin,f,46,232,125,1332
Katherine Hughes,m,25,149,54,2179
Eileen Reese,f,67,73,18,1983
Christopher Smith,m,21,200,99,1229
Heather Harris,f,40,239,129,1719
Michelle Andersen,m,42,132,46,1796
Matthew Andrews,m,71,241,142,2706
Kelly Buck,f,24,51,5,2902
Patricia Harrison,m,99,78,19,1652
Rebecca Carroll,m,52,76,13,1270
Diane Wilson,m,75,115,36,2355
Denise Friedman,f,28,185,82,2751
Gregory Hamilton,m,84,232,128,1864
Robert Keller,m,97,195,94,1097
April Harrison,f,109,227,128,2011
Jessica Barron,f,78,60,21,2148
Theodore Wolf,m,80,139,48,1445
Christopher Young,f,97,173,80,1436
Stephanie Jones,f,13,226,124,2971
Gregory Walker,f,20,196,91,1402
Carlos Scott,m,59,162,70,1738
Ashley Pratt,m,56,196,92,2875
Danielle Rodriguez,m,1,233,130,1821
William Hall,m,104,100,32,2336
Richard Sullivan,m,98,241,139,1928
David Romero MD,f,37,93,24,2289
Linda Leach,f,33,124,45,1498
David Spears,m,79,206,98,1896
Brandon Fields,m,40,176,69,1516
Brittney Burton,m,103,236,127,1515
Christopher Sharp,f,22,238,136,2919
Terry Diaz,m,92,129,43,2985
Anthony Hunter II,m,85,225,118,2224
Ryan Cooke,m,97,98,23,1738
Kayla Cruz,m,39,237,139,2408
Tara Page,f,16,244,137,1978
Charles Myers,m,14,182,77,1350
Elizabeth Reyes,f,97,179,75,1664
Brian Lane Jr.,m,26,140,47,2494
Dan Osborne PhD,f,33,100,24,2103
Eric Jones,m,45,147,61,2873
Diana Simmons,f,100,155,56,2974
Kimberly Hill,f,51,210,113,2510
Rachel Sosa,f,42,191,82,2269
John Jordan,f,62,219,121,2018
Joseph Reyes,f,23,41,7,1037
Christopher Brewer,f,1,104,38,2802
Scott Aguilar,f,10,132,51,1250
Jacqueline Anderson,m,87,84,22,1764
David Curry,m,34,201,104,1951
Philip Reyes,f,101,120,41,2168
Andrea Anderson,m,20,210,105,2888
Jordan Long,m,86,94,30,2040
Cynthia Byrd,m,40,210,101,2797
Kristin Garcia,m,56,125,36,2101
Mrs. Sherry Ballard MD,f,62,216,109,2358
Tyrone Grimes DDS,m,7,103,24,2263
Allen Lozano,f,71,119,40,1521
Steven Nelson,m,26,201,105,1716
Shawn Humphrey,m,30,99,36,1846
Lydia Scott,m,96,44,11,1374
Danny Larson,f,25,183,86,2630
Robert Harris,m,102,42,16,1999
Chad Garcia,m,44,74,20,1671
Kerri Lawrence,m,108,170,65,2191
Jennifer Rosario,m,53,165,67,1842
Joanna Cox,m,23,99,34,2042
Darren Ochoa,m,57,231,124,2075
Michael Kaiser,f,89,61,18,1713
Paul Turner,f,24,74,22,2119
Michael Vance,f,89,152,53,1864
Virginia Hudson,f,56,59,17,2871
Nancy Freeman,m,42,122,38,1794
George Thomas,f,45,179,86,1059
Robert Rivers,f,13,154,58,2323
Stephanie Guerra,f,14,200,90,1064
Gina Martinez,f,38,46,7,2832
Tyler Norton,m,99,223,126,1334
William Montgomery,m,49,97,27,1803
Gina Doyle,m,35,210,112,2251
Rachel Roman,f,104,146,55,2075
Jessica Church,m,45,102,25,1156
Catherine Rose,f,103,191,91,2677
Robert Rose,f,15,247,137,1010
Matthew Nichols,f,77,40,5,1838
Travis Coleman,f,24,81,16,2831
Johnathan Price,f,108,237,127,2010
Paul Hall,f,80,87,18,2802
Amy Jones,f,95,96,31,2388
Debra Edwards,m,41,196,98,2303
Steven Cervantes,m,57,219,119,1644
Tony Mitchell,m,7,212,102,1039
Renee Villarreal,f,69,78,15,2909
Matthew Dean,m,59,111,31,2664
Linda Turner,m,40,59,20,2926
Megan Wilkins,m,64,91,25,1580
Matthew Roberts,f,72,67,18,1021
Michelle Johnson,f,43,53,19,1168
Larry Oliver,m,89,52,9,2086
Curtis Moore,f,19,40,4,1884
Jonathan Hubbard,f,35,85,27,1043
Joshua May,f,44,104,37,1969
Benjamin Cooke MD,m,92,237,137,1359
Dawn Jacobson,m,68,239,138,2632
Jane Richardson,f,75,196,95,1159
Joan Chavez DVM,f,85,68,15,1876
Katherine Miller,f,19,136,43,1206
Grant Osborne,f,18,203,102,2513
Alexander Meyer,m,32,72,21,1567
Andrew Payne,m,54,189,88,1075
Madeline Cabrera,f,2,134,45,1080
Melissa Smith,f,94,162,59,1934
Amanda Cantu,m,18,107,32,1730
Michael Harris,m,88,84,16,1957
Paula Jackson,m,73,149,63,2277
Todd Phillips,m,21,172,79,2150
Robert Wilson,f,29,175,74,1621
Erin Watson,f,5,108,36,2686
Mario Carpenter,m,46,185,90,1335
Maria Jones,m,0,220,116,2479
Trevor Gilbert,m,9,74,12,2679
Stephen Carter,f,89,245,145,1388
Jeremy Gallagher,f,73,176,79,1822
Amy Maxwell MD,f,3,240,131,1609
Sharon Morgan,m,22,116,31,2191
Joseph Booker,f,11,59,19,2301
Ryan Steele,m,83,236,135,1752
Patrick Johnson,f,59,163,68,1814
Stephanie Smith,m,102,233,137,1184
Samantha Wilson,m,18,221,124,2262
Andrew Chen,m,96,43,18,1093
Christina Colon,m,41,220,110,1029
Nicolas May,f,105,238,140,2663
Tracy Rasmussen,m,39,238,129,2662
Jessica Jackson,m,2,247,146,2582
Daisy Johnson,m,12,41,6,2532
Briana Boone,f,24,51,16,1395
Frank King,f,56,40,5,2674
Timothy Kelley,f,91,85,21,2858
Mary Smith,m,93,235,129,1404
Brent Byrd,f,34,78,22,2842
Nicole Garcia,f,81,53,18,2912
Phillip Henderson,f,19,160,61,1932
Bradley Stewart,f,88,58,20,2948
Mr. Robert Gray,m,55,112,38,1554
Johnny Delgado,m,81,66,14,1706
Brandy Bowman,m,49,60,21,1278
Brian Carlson,m,111,205,105,2832
Larry Harrington,m,57,49,18,2907
Gregory Craig,f,72,233,137,1999
Douglas Cole,f,9,101,30,2791
Tammy Newman,f,63,46,19,2247
Andre Lawson,m,0,226,126,1770
Ashley Hamilton,m,64,154,53,1286
Emily Spencer,m,53,126,49,1071
Melissa Lucero,m,105,115,34,2512
Carolyn Ho,m,15,221,114,1503
Brian Brown,m,80,215,104,1263
Antonio Watson,f,101,73,20,1345
Michael Haley,f,21,67,14,1309
Jerry Vasquez,m,104,73,15,1687
Kevin Maldonado,f,106,147,48,1689
Austin Flynn,f,28,229,121,1436
Michael Lewis,f,12,51,18,2107
Michelle Beck,m,104,242,144,2312
Christian Rhodes,f,85,238,138,1243
Gregory Curry,f,56,239,140,1452
Kathryn Lopez,m,98,229,127,2761
Sandra Ramos,f,24,66,16,2102
Dalton Valdez,m,36,146,61,2945
Melanie Rosales,m,21,48,13,1583
Jennifer Jones,m,35,202,94,1150
Barbara Miller,m,58,64,12,2261
Shane Stephenson,m,79,105,39,2578
Danielle Underwood,m,110,122,39,2705
Evan Francis,m,51,44,8,2066
Kathleen Sosa,m,93,154,56,1968
Jesse Bryant,m,28,83,28,1210
Jeffrey Weaver,m,88,173,73,1224
Karla Ballard,f,45,43,8,1105
Beth Arnold,f,41,57,16,1745
Jessica Rice,m,110,236,133,1265
Phyllis Long,f,84,130,38,1814
Jennifer Lucas,f,3,74,25,2597
James Patterson,m,66,42,14,2674
Summer Campbell,f,102,190,87,2003
Jeremiah Tucker,f,93,121,47,2795
Emily Nguyen,f,78,248,151,1129
Nicole Hodges,m,43,234,126,1753
Charlotte Bowen,f,101,170,76,2959
Joseph Conley,f,11,226,128,1526
Alyssa Hunt,m,22,129,41,1742
Dillon Mata,m,45,246,140,1998
Justin Stanley,m,106,244,141,2667
Joseph Thomas,f,14,82,20,2989
Patricia Brown,f,83,201,96,2172
Shannon Williams,m,10,64,17,1222
Sarah Garner,f,27,58,22,2992
David Clark,m,8,98,24,2050
David Duncan,m,31,213,107,2110
Victor Gonzalez,m,9,176,81,1689
Michelle Garcia,f,86,117,38,2106
John Hernandez,f,84,146,51,2419
Kevin Miller,m,64,132,52,2475
Aaron Rodriguez,f,12,249,150,2671
Lynn Johnson,m,37,173,71,2207
Tammy Jackson,f,51,239,143,1638
Tyler Young,f,80,226,121,1997
Matthew Smith,m,92,132,51,2871
Monica Garza,f,38,40,15,1616
Mercedes Smith,f,81,103,30,2674
Lindsay Davenport,m,111,239,142,2120
Drew Thomas,f,78,62,10,2298
Richard Barber,f,3,214,112,2786
Ms. Taylor Avila MD,f,44,50,15,2938
James Mitchell,f,47,109,41,1958
Elizabeth Estrada,m,71,185,85,1167
Crystal Maxwell,f,96,145,54,2013
Mike Dalton,f,54,132,42,2526
Nicholas Davis,m,63,218,120,2239
Megan Smith,m,82,154,55,1852
Whitney Krause,m,30,71,18,2063
John Vasquez,f,61,146,51,1286
Michael Anderson,m,28,71,21,1199
Adam Harrington,f,59,121,41,1549
William Wright,f,109,226,120,2020
Alexis Garcia,f,106,244,148,2240
Barry Gardner,m,61,217,114,1363
Jennifer Green,f,11,195,95,1851
Alex Thomas,m,80,109,36,2948
Patricia Lopez,m,108,171,66,1668
Scott Zuniga,m,103,192,97,2350
Kristopher Ramirez,m,5,147,49,1121
Chris Briggs,f,7,242,141,1308
Laura Fox,m,4,56,20,1683
Andrew Young,m,24,171,67,2179
Joseph Norris,m,26,161,70,1204
Sarah Harris,m,5,194,96,2881
Alison Jensen,f,47,82,23,1928
Lindsay Armstrong,m,6,132,52,2254
Thomas Mcmahon,m,65,186,84,2167
Brandon Mccullough,f,80,121,45,2386
David Smith,m,50,179,79,2276
Sarah Massey,m,57,137,56,2807
Justin Parker,m,5,77,20,1075
Haley Garner,f,6,210,105,2169
Timothy Rodriguez,f,0,44,17,2424
Ryan Archer,f,89,119,34,2546
Donna Mcclure,f,90,136,43,2802
Aaron Rodriguez,m,77,132,40,2795
Joshua Floyd,f,110,185,82,1101
William Price,m,23,132,48,1518
Brian Cole,f,111,238,142,1370
Kimberly Sanchez,m,70,114,40,1612
Danielle Hernandez,m,61,79,27,1793
Dylan Solis,f,78,121,46,1187
Anna King,m,39,56,15,1159
Mark Long,f,96,162,73,2564
Susan Campos,f,82,167,70,2330
Ashley Chavez,f,107,146,49,1962
Julie Garcia,m,105,210,107,1402
Phillip Carter,m,45,169,73,1794
Brandy Cabrera,m,13,191,93,1506
Lisa Lawrence,f,22,96,32,2820
Allison Dickson,f,6,115,36,1337
William Woodard,m,105,52,12,2924
Sara Taylor,m,102,213,106,1596
Jason Hudson,m,53,119,32,1184
Emily Estes,f,72,46,5,1971
Ashley Doyle,f,105,97,29,1045
Jeffery Curtis,m,5,82,30,1648
Johnathan Joseph,m,75,71,17,1655
Charles Fernandez,m,0,217,118,1745
April Sims,m,31,112,42,2543
Christopher Maynard,m,74,77,22,1070
Shannon Peterson,m,40,181,86,1442
Kimberly Price,m,5,49,10,1815
Jimmy King,m,8,164,61,1524
Brandon Hill,f,79,218,119,1552
Virginia Delgado,f,0,194,86,2320
Michael Trevino,f,84,46,18,1625
Robert Vargas,m,26,55,10,2785
Donna Santos,m,35,225,127,1011
Jacqueline Gonzalez,f,26,138,53,2560
Brooke Calderon,m,100,190,93,2783
William Gregory,m,1,154,62,2650
Ronald Ramos,f,87,129,43,2776
Deborah Baker,m,81,68,22,2079
Chad Vasquez,m,64,240,144,1311
John Nguyen,m,32,127,36,2324
Jennifer Johnson,m,27,118,40,1877
Andrew Stephens,f,39,140,59,1119
Michelle Smith,m,5,224,117,1365
Anthony Lyons,f,95,222,112,2537
Diane Hall,m,97,191,90,1071
Tracy Vasquez,f,51,232,126,1562
Cheryl Williams,m,71,77,23,2745
Jeanne Reed,f,52,187,92,2578
Ryan Crane,f,33,103,38,1587
Tyler Davis,m,77,137,45,2505
Ronald Kim,f,30,69,20,2691
Helen Norris,m,111,195,97,2673
Sandra Gonzalez,m,19,93,24,2409
Derek Dickerson,f,19,146,52,1970
Dominique Martinez,f,18,147,50,1655
Stephanie Ortega,m,26,141,46,2221
Karla Roth,f,76,54,13,1236
Adam Smith,m,59,83,18,1752
Brenda Thompson,f,82,227,124,1588
Mackenzie Smith,m,61,115,34,2662
Christine Carter,f,109,190,85,2592
Shannon Rose,f,84,210,113,1597
Mr. Brent Anderson,f,106,203,98,1180
Margaret Chan,f,101,54,10,1383
Mark Myers,f,34,74,16,1265
Anna Rodriguez,f,94,61,13,1477
Marie Jones,f,109,86,31,1770
Eileen Williams,m,106,153,55,1937
James Hopkins,m,38,226,122,1859
William Wilcox,f,13,157,59,2063
Patricia Wong,m,33,164,60,2971
Brianna Phillips,f,76,98,34,1042
Charles Parrish,f,11,163,70,1655
Chad Costa,f,80,134,54,2922
Dr. Yvette Contreras,f,99,93,30,1129
Lindsey Ramirez,m,56,79,19,2918
Martha Mckinney,f,44,83,18,2792
Heather Long,f,4,153,52,1751
Jeffrey Knight,m,104,102,33,2683
Leslie Miller,m,102,64,15,2358
Gabriel Cabrera,m,84,74,13,1869
Drew Cantu,f,65,204,100,2863
Christopher Walker,f,32,135,47,1126
Mario Marquez,f,22,218,114,2407
Dr. Robert Price,m,66,168,63,2930
James Murray,m,64,83,29,2819
April Adkins,f,7,226,116,2812
Hayley Thompson,f,29,225,126,1108
Laura Kelly,f,35,88,23,1686
Rebecca Montgomery,f,99,43,12,2574
Rebecca Russell,m,102,109,41,1480
Glenn Thomas,m,35,83,25,1912
Barbara Schneider,m,91,186,81,2063
Tina Marsh,m,49,116,34,1834
Joseph Miller,f,92,238,134,1257
Kristie Smith,f,59,185,81,2136
Natasha Montoya,m,75,199,94,2367
Andrew Cannon,f,1,236,133,2538
Samantha Hernandez,m,89,90,19,2633
Grace Day,f,5,114,43,2400
Mariah Clark,f,94,184,89,1729
Tyler Weiss,f,17,40,11,1368
Lucas Lambert,m,54,96,25,2959
Anthony Gomez,m,31,224,115,1786
David Rogers,f,64,194,90,2576
Sharon Rivera,f,56,92,21,2526
Melissa Morris,f,26,62,15,2503
Steven Rodriguez,f,29,99,23,2431
Zachary Moran,m,1,247,137,2278
Jonathan Edwards,f,68,205,106,2913
Allen Wilson,f,81,109,35,1288
Paul Young,m,29,109,41,1377
Timothy Raymond,m,81,63,9,1302
Amy Martin,f,52,116,32,1850
Christopher Wallace,m,87,229,119,2207
Hannah Wilkins,f,14,235,127,1794
Gavin Foster,f,78,168,75,1606
Danielle Baker,f,27,57,15,1458
Timothy Williams,m,32,189,82,1857
Brooke Farmer,f,7,181,76,2736
Luis King,m,55,100,32,2673
Lisa Walker,f,86,128,40,1158
Joshua Mitchell,m,61,178,79,1686
Austin Mercer,f,9,167,73,2314
Matthew Wilson,f,52,219,120,1457
Mrs. Kathryn Vasquez MD,f,6,238,138,2248
Stacy Davis,f,81,213,110,1243
Melissa Ferguson,m,84,88,21,1028
Christina Barnett,f,34,196,101,2162
Dawn Miller,m,13,122,33,2673
Jennifer Wheeler,m,33,97,31,2140
Donald Nelson,f,14,40,12,1900
Ryan Barajas,f,79,142,46,2721
Troy Moore,m,36,53,9,1096
Heather Watson,f,67,51,16,2464
Nicholas Lopez,m,22,211,103,2740
Anthony Rodriguez,f,57,46,8,2984
Maria Hoffman,m,13,181,80,1748
Seth Ellis,m,17,182,81,2901
Rebecca Huang,f,27,174,72,1424
Martha Lewis,m,80,132,45,1568
Jose Beard,f,104,201,91,2258
Christopher Sharp,f,69,162,59,1357
Jimmy Stark,m,97,73,18,1400
Micheal Curtis,m,30,72,14,1270
Kathy Barber,m,69,84,28,2334
Nathan Williams,f,27,62,8,2394
Paul Lopez,m,19,114,41,1345
Kendra Moore,f,77,243,140,2484
Rebecca Gilbert,m,17,222,119,1884
Eric Benson,f,13,132,47,2680
Daniel Olson,f,20,124,47,2927
Devin Dorsey,m,65,160,67,2178
Jesse Smith,f,47,69,14,1709
Stacey Griffin,f,84,166,62,2842
Sarah Colon,f,47,137,51,1134
Ruth Davis,f,60,99,36,1776
John Gibbs,m,86,155,54,1364
Gary Montoya,f,77,133,43,1602
Travis Allen,f,99,148,52,2436
Hunter Sims,f,48,199,94,2614
Donna Brown,f,29,69,16,2171
Cynthia Willis,f,68,49,12,1590
Jessica Trevino,f,48,158,71,2134
Katherine Hull,m,39,80,18,2162
Pamela Harris,m,14,246,144,2542
Natasha Lara,m,75,219,110,2411
Kathy Vaughn,f,54,201,99,1712
Ashley Peterson,f,8,141,56,1793
Ashley Sawyer,m,96,54,18,1303
Nathan Klein,f,48,45,15,2877
Michael Osborne,f,35,136,56,2809
Scott Brown,f,78,115,34,2111
Melissa Wilson,f,67,203,101,2957
Daniel Walker,m,100,184,83,2399
Edward Leonard,m,102,208,101,1478
Jonathan Bell,f,46,109,34,2543
Andrew Stanton,f,111,249,148,2165
John White,f,89,128,41,1820
Timothy Fowler,m,47,223,123,1109
Timothy Foley,f,74,134,52,2996
Steve Campbell,f,63,195,93,1854
Amanda Martin,m,48,179,81,1950
Jennifer Sharp,m,21,228,123,2049
Mark Santiago,f,35,189,92,2868
Kenneth Snyder,f,100,238,136,2523
Brandy Tanner,f,22,197,90,1306
Jessica Conrad,m,21,72,19,2175
Carolyn Nunez,m,80,66,13,2075
Susan Francis,m,10,196,89,1816
Kristin Holmes,m,57,70,24,2627
Wendy Wilcox,m,48,47,16,2982
Charles Anthony,f,105,164,63,2575
Heather Johnson,m,54,198,101,1083
David Diaz,f,42,166,73,2671
Ashley Lamb,f,34,95,21,2227
Michelle Arroyo,f,74,203,101,1844
Stephanie Moore,m,89,110,33,1307
Stephen Lee,f,61,113,33,1588
Bryan Williams,f,30,107,37,1201
Rhonda Cummings,m,36,83,18,2157
Justin Parsons,m,14,113,34,2478
Catherine Harding,f,7,134,51,2141
Randy Ortega,m,75,100,37,1459
Brent Kirby,f,78,127,50,2552
Jonathan Simon,f,72,80,14,2563
Brian Anderson,f,49,112,35,1523
Donald Clark,f,38,138,57,1019
Kimberly Gilmore,f,51,118,43,1515
Patricia Green,f,60,130,45,2109
Danielle Figueroa,m,7,202,98,1087
Michael Johnson,m,17,121,40,1077
Peter Merritt,f,19,160,60,2345
Travis Crosby,m,17,176,71,1399
Rebecca Wilson,f,87,211,109,2525
Randy Welch,m,58,190,91,1922
Brian Warren,m,70,171,70,1614
Connor Brown,m,14,67,20,2016
Brandon Ford,m,83,218,110,1955
Carla Gallagher,m,82,96,28,2894
Dr. Katherine Ware MD,m,91,243,136,1443
Shawn Aguilar,m,97,59,9,2063
Mariah Foster,m,40,112,30,2148
Nathan Hubbard,m,5,242,136,1610
Tara Scott,f,31,240,140,1745
Michael Lucas,f,27,74,22,2680
Alexander Holloway,f,17,124,47,1694
Alexander Jordan,m,110,234,126,1346
Richard Estrada,m,18,146,54,2338
Regina Mcgrath,f,105,129,43,1634
Jamie Holmes,m,67,238,130,2480
William Mooney,m,110,40,3,2992
Jerry White,f,52,168,73,2584
Hannah Nelson,m,108,219,122,1432
Richard Galloway,f,4,70,21,1532
James Gonzalez,m,22,153,65,1675
Victoria Pitts,f,110,155,67,1361
Sarah Williamson,f,58,213,114,1505
Kyle Bush,f,11,168,63,1083
Jordan Soto,m,80,136,55,1739
Monica Moreno,m,108,177,73,2774
Bernard Murray,m,110,131,49,2696
Michelle Peterson,f,88,245,147,1496
John Li,m,36,54,11,2631
Mary Pacheco,m,9,250,145,2497
Anthony Kent,f,44,248,149,1102
Edward Williams,f,73,222,123,1215
Karen Schmitt,f,54,189,95,1280
Erin Anderson DDS,f,55,139,58,2097
Wayne Rodriguez,m,90,139,48,2636
William Davis,f,6,188,79,2533
Christina Bush,f,30,67,11,2482
Katrina Haney,m,110,48,16,2736
Rachel Thomas,f,75,92,33,2356
Jennifer Reyes,m,34,98,30,1168
Keith Carter,f,99,115,40,2965
Tracy Williams,m,23,64,16,1066
Regina Gaines,m,35,228,130,2001
Travis Martin,m,94,135,44,1684
Jessica Schultz,f,84,70,12,2304
Erin Ball,m,103,75,20,2195
William Walker,m,72,158,56,1693
Brandy Clark,m,52,41,12,1931
Phillip Taylor,f,74,182,82,2369
Stacy Gamble,m,35,170,68,1295
Jason Kim,m,61,160,65,1236
Larry Moss,f,25,112,33,2467
Kyle Cooper,f,103,142,48,1943
Kristina Sullivan,m,3,50,20,2008
Misty Welch,m,33,246,148,1519
Kristie Green,f,28,186,88,1587
Eric Goodwin,f,39,237,137,1116
Aaron Ballard,f,1,190,88,1155
Amanda Kerr,m,48,110,36,1942
Jose Nelson,m,39,118,42,2881
Zachary Stephens,m,42,149,49,1229
Jeffrey Oliver,m,105,242,133,2835
Jeffrey Salas,f,38,46,5,1396
Kimberly Foster,f,67,234,135,1934
Tony Cortez,m,61,170,77,1634
Jennifer Wheeler,f,106,44,5,1104
Jonathon Mason,m,32,50,12,1971
John Bradley,m,105,166,68,2962
Tony Huerta,f,48,49,20,2732
Melanie Warren,m,87,111,33,1699
Heather Jimenez,m,66,193,91,2857
Paul Johnson,f,97,244,136,1980
Julie Simon,m,95,102,24,1222
Ryan Newton,f,18,242,131,2666
James Mitchell,m,66,95,34,1229
Amanda Robinson,m,0,147,57,1616
Alicia Powell,m,13,174,76,2654
Dawn Cruz,m,71,158,69,1014
Deanna Levy,f,82,80,23,2599
Charles Wolfe,f,65,118,39,1241
Erica Wright,m,28,157,57,1915
Maria Lopez,f,104,201,101,1664
Shaun Horn,m,46,60,9,1691
Monica Bernard,m,111,115,31,1913
Jesse Santana,f,16,149,61,2020
Spencer Logan,f,2,247,148,1865
Robert Beck,m,71,219,117,2646
Michael Sanchez,m,102,213,109,1929
Loretta Craig,m,4,130,53,2556
Ellen Durham,f,64,223,125,1064
Brandon Jacobson,m,103,207,98,2308
Dustin Johnson,m,110,244,146,2632
Vernon Ray,f,66,250,155,1899
Megan Perry,f,88,154,54,1534
Mark Hardy,m,65,69,15,2093
Melissa Jennings,m,50,180,80,1515
Valerie Romero,f,85,176,81,1562
Kimberly Pratt,f,14,179,83,2817
Tara Scott,f,107,69,17,2621
James Mckinney,m,52,223,125,1266
John Fowler,m,32,65,13,1423
Roger Turner,f,84,156,65,2038
Ryan Howard,f,99,238,136,1990
Gregory Walton,f,62,93,29,2275
John Hill,f,109,153,55,2805
Mary Gonzalez,f,91,188,89,1534
Jeffrey Walker,m,99,147,59,1877
Carol Santana,m,108,86,29,2492
Christine Gray,m,24,211,108,2516
Stacy Herrera,f,19,248,139,2391
Katie Scott,f,79,216,116,1801
Elizabeth Park,m,20,47,17,1275
Timothy Ford DVM,m,26,103,26,2586
Richard Torres,f,30,79,18,1793
Megan Mason,m,68,246,148,2088
Joshua Mcdonald,f,53,57,8,2519
Leslie Santiago,f,30,101,36,1847
Michael Gray,f,23,100,22,2454
Chelsea Castro,m,83,185,77,2295
Lauren Vazquez,m,17,51,17,2569
Gina Elliott,f,76,56,7,1533
Eric Allen,m,102,43,8,1354
Paige Martinez,f,6,125,46,2478
Charles Green,f,37,236,131,2756
Zachary Meyer,f,28,81,15,1394
Russell Fisher,f,56,233,122,1869
Tracy Molina,f,3,244,148,2584
Rachel Taylor,f,68,215,119,2426
Joel Brandt,f,98,223,116,1989
Juan Morris,m,101,96,31,1154
George Nelson,m,108,128,42,2294
Michael Green,m,20,196,101,1350
Megan Hanson,f,46,89,21,1534
Ronald Duncan,m,79,242,144,1222
Johnny Chang,m,78,41,4,1588
Elizabeth Bailey,f,7,91,31,1959
Jill Jones,m,82,59,22,1181
William Gordon,m,45,234,132,1786
Joseph Ruiz,f,37,241,145,1631
Jason Hernandez,f,44,230,126,1511
Roger Choi,m,69,130,42,2631
Javier Hunt,m,48,106,27,1341
Stephanie Greer,f,55,57,19,1884
Christina Ortega,m,91,60,12,2043
Gail Rodriguez,f,108,157,60,2880
Juan Jones,f,17,239,143,2849
John Meza,m,11,217,115,2282
Marcus Valentine,f,29,189,95,1475
Bradley Russell,f,78,184,91,2721
Joseph Buck,m,81,211,104,1309
David Day,m,19,145,56,1548
Shawn Young,f,72,143,52,1245
Thomas Wright,m,86,236,133,1450
Lisa Nichols,m,44,221,118,1053
Megan Gilbert,m,89,238,127,1697
Kathryn Glenn,f,87,149,62,1331
Mary Watts,f,37,223,113,2277
Anthony Lane,m,89,92,20,2517
Cynthia Alvarez,m,27,125,38,2162
William Ellis,f,45,44,7,1476
Danielle Sherman,m,99,235,131,1648
Benjamin Reed,f,60,207,96,1601
Heather Garcia,m,97,223,121,1957
Johnny Moore,m,83,89,17,2082
Tasha Andrade,m,95,115,29,2018
Sharon Greene,f,52,166,65,2988
Nancy Carter,m,88,143,61,1168
Michael Griffin,m,51,82,24,1110
Jason Kaufman,f,91,207,108,2929
Andrew Dunn,f,34,136,55,1605
Catherine Flowers,m,2,174,79,2926
Danielle Romero,m,55,46,10,2761
Daniel Garcia,m,98,198,99,1161
Christian King,m,59,246,151,1030
John Nguyen,f,38,208,105,2465
Stephanie Maxwell,m,101,204,104,2774
Gerald Cox,m,54,203,92,2943
Tyler Mcdaniel,m,93,56,17,1756
Jason Lee,m,105,116,32,2372
Madison Wright,m,32,190,91,2329
Daniel Caldwell,m,9,205,105,2118
Jessica Moore,f,110,119,44,1055
Krystal Smith,f,66,68,24,1567
Kevin Page,f,17,215,110,2862
Randall Lawson,m,102,49,17,2310
Pamela Harris,m,69,237,138,1588
Olivia Adams,m,38,54,10,1038
William Sanders,f,74,156,65,1816
Glenn House,f,72,151,52,2326
Elizabeth Flores,f,80,217,113,1971
Mark Vargas,m,40,80,25,2698
Mark Gallagher,f,9,57,10,2412
Morgan Rivera,m,55,190,87,2552
Margaret Sanders,f,59,146,57,1705
Wendy Martin,m,73,89,23,1500
Joseph Torres,f,16,207,108,2838
Dustin Hunter,m,7,132,49,2187
Amy Carey,f,111,117,43,2790
Jorge Dawson,m,65,53,7,1077
Zachary Brown MD,f,22,135,56,1593
Stephen Aguilar,f,27,115,33,2838
Lori Turner,m,55,91,33,1051
Tara Humphrey,f,96,89,19,2470
David Leon,m,62,168,76,1944
Rodney Robinson,m,68,228,118,2374
Chase Bauer,m,30,223,116,2415
William Johnson,f,5,104,36,1315
Patricia Cox,f,70,210,106,1522
James Salinas,f,49,157,65,1845
Lori Williams,m,4,250,154,1431
Isabella Strickland,m,40,106,39,1963
Beverly Mann,f,16,199,97,1009
Donna Johnson,f,64,230,123,2760
Jennifer Guerrero,m,45,132,52,1610
Joshua Parks,m,62,212,115,2806
Ashley Franklin,f,31,160,68,1462
Robert Jones,f,59,112,39,2526
Lance Pearson,m,17,66,22,2841
Ronald Cabrera,f,12,97,26,1204
Sarah Robertson,f,45,213,107,1107
Scott King,m,71,184,81,2413
Joshua Hall,f,30,176,71,2028
Melanie Lewis,f,101,123,42,1148
Suzanne Flores,f,100,46,11,1336
Dorothy Johnson,f,50,108,40,1096
Marissa Knight,f,63,68,16,1616
Ashley Dorsey,f,14,114,43,2229
Willie Mccullough,f,26,94,20,1833
Andrew Lane,m,19,49,16,1894
Stacey Jackson,f,97,170,69,2661
Victor Smith,f,105,206,101,1295
Ronald Garcia,m,89,94,34,2311
Mr. Peter Villanueva,f,1,152,59,2002
Amanda Young,m,5,173,73,1818
Rachel Jones,m,79,98,28,1211
Nicholas Long,m,45,63,12,1074
Laura Black,m,36,145,57,2461
Mason Anderson,f,62,177,78,1447
Taylor Benton,m,57,159,56,1934
Kevin Gregory,m,93,166,77,1816
Curtis Elliott,m,6,80,26,1170
Lisa Allen,f,66,49,14,1681
Derek Hansen,m,46,185,89,1589
Brittany Ingram,f,36,67,15,1740
Kenneth Gaines,f,93,194,88,1574
Michael Williams,f,25,90,22,1111
James Cantu,m,5,134,45,1573
Mr. Andrew Daniels,m,80,76,23,2236
Monica Mason,m,29,117,36,2854
Mikayla Jenkins,m,71,137,46,1543
Amanda Michael,f,61,56,10,1212
Julie Acevedo,m,27,119,34,2418
Kathryn Hernandez,f,8,72,14,2312
Lisa Cooper,m,111,97,36,1532
Julia Cunningham,m,46,167,66,2715
Nicole Harper,m,104,101,36,2545
Janice Jones,f,26,109,39,2087
Alexis Brown,m,28,92,24,2697
Jay Lowery,f,36,92,34,2306
Elizabeth Gonzales,m,101,82,25,2154
Bradley Nguyen,f,40,228,121,2815
Christine Rivers,m,84,117,34,2796
Nicole Dunn,f,55,121,43,1629
Jenny Hodge,f,55,238,142,1477
Jerome Doyle,m,94,245,142,1269
Robin Wong,m,20,171,79,2628
Mary Little,f,33,158,71,1427
Dorothy Rice,m,103,209,111,1436
Yvonne Romero,f,74,115,31,2965
Miss Tamara Brown,f,47,74,12,2751
Joshua Martin,f,6,211,114,1387
Samantha Boone,f,17,143,54,2855
Emily Nguyen,f,77,129,43,1511
Shawna Rose,f,42,109,28,2583
Charles Lowe,f,11,215,117,1359
Michael Hicks,m,60,243,135,1518
Samantha Bowman,f,102,135,55,2731
Mrs. Jody Washington,m,29,94,28,2287
Deanna Smith,f,2,94,24,2172
Johnathan Garcia,m,51,92,22,2766
Anna Harrison,m,76,84,16,1781
Yvonne Jensen,m,74,218,114,1838
Stephanie Johnson,f,99,187,86,2681
Michael Morrow,m,19,95,25,2482
Jessica Hawkins,m,41,209,107,1709
William Crawford,f,6,109,28,2164
Willie Murillo,f,106,64,12,2328
Luis Suarez,m,27,101,24,2474
James Reynolds,f,82,80,23,2230
Cristian Davis,f,87,85,27,1293
Sharon Ross,m,29,229,126,2858
Gina Martinez,f,68,211,103,2084
Kyle Rodriguez,f,88,125,38,1292
Melissa Morales,m,4,143,50,2780
Jaclyn Joseph,m,44,137,46,2986
Noah Torres,f,3,185,91,2563
Samantha Williams,f,48,153,60,1574
Matthew Nelson,f,49,171,77,2545
Steven Price,m,12,156,64,2795
Molly Gibson,f,5,243,132,2479
Theresa Coffey MD,f,83,170,71,2924
William Johnson,f,38,228,116,2448
Jeremy Casey,m,46,231,120,1345
Yvonne Mitchell,m,14,177,71,2151
John Johnson,f,72,159,66,2772
Allison Wolf,f,14,178,78,1535
Melanie Herrera,m,62,144,58,1468
Tina Anderson,f,106,50,9,3000
Natasha Green,f,5,158,69,1771
Matthew Nguyen,m,104,68,14,2228
Shirley Lewis,f,14,45,15,2031
Ryan Campbell,f,92,145,56,2382
Patricia Watkins,m,27,230,119,2087
Colleen Evans,m,70,147,59,2738
Douglas Sanchez,m,49,184,82,1776
Ryan Rodriguez,f,56,109,28,1623
Brian Hart,m,81,173,80,1112
Amber Dixon,m,59,133,44,1667
Karen Reeves,m,19,210,113,1037
Meghan Williams,f,79,111,39,1355
David Baxter,f,54,119,46,2498
Maria Wolfe,f,47,130,50,2419
Regina Cooley,m,63,195,97,2692
Heather Marsh,f,21,56,7,1265
Andrew Cox,f,26,146,52,1165
Mary Jackson,m,3,149,53,1244
Danny Allen,f,103,236,125,1616
Ronnie Watson Jr.,f,99,197,88,2451
Brenda Campbell,m,109,66,11,2412
Roger Davis,f,69,222,117,2569
Ray Williams,f,6,79,23,2459
Christine Snow DVM,m,28,46,4,1014
Rodney Brown,f,4,116,30,2540
Jay Perez,m,103,131,38,2632
Ethan Frazier,m,72,220,110,2663
Kimberly Quinn,m,1,48,9,1174
Robert Kim,f,7,206,103,2730
Douglas Morris,f,88,133,40,1645
Rachel Wilkins,m,67,76,26,2143
Jacob Clark,f,104,146,52,2030
Sarah Schultz,f,53,67,15,2789
Adam Hester,m,74,143,46,1267
Faith Harrison,m,62,100,32,1995
Alex Lee,m,70,129,40,1769
Cameron Smith,m,8,110,30,1887
Molly Johnson,f,25,76,20,1036
Douglas Smith,f,97,87,19,2426
Heather Campbell,f,56,228,119,1951
Anthony Griffith,f,74,185,81,2320
Erica Flores,f,66,59,15,1576
Alexis Rodriguez,m,39,81,26,2464
Curtis Johnson,f,31,122,35,2702
Andrew Marquez,m,96,118,36,2274
Chad Brown,m,98,50,10,1328
Rhonda Lopez,f,66,111,32,2659
Thomas Cruz,m,36,65,24,1940
Anthony Hawkins,m,77,67,10,1022
Robert Wilson,m,54,154,64,1382
Randall Simmons,f,65,81,20,1955
Arthur Davis,m,80,232,132,2827
Lauren Leblanc,m,16,241,138,1990
Mike Liu,f,55,192,87,2961
Sarah Alvarado,m,26,241,137,2633
Kenneth Taylor,f,100,235,128,1639
Michelle York,m,71,68,15,2712
Debbie Reid,m,80,202,96,1266
Kristopher Wood,m,53,131,39,2427
Jessica Gutierrez,m,50,242,134,1896
Elizabeth Glover,m,17,51,11,2644
Joe Davis,f,19,237,137,1318
Anthony Bell,f,32,135,54,2331
Jeremiah Perez,m,92,244,135,1941
Michael Krause,f,35,140,58,1200
Steven Jackson,m,92,84,23,2622
Patrick Wilson,f,108,85,31,2785
Riley Myers,m,35,88,31,2716
Jessica Hill,m,96,74,14,2597
Madison Reid,f,34,152,61,1431
Kristine Mcdonald,f,40,132,44,2940
Keith Tran,f,99,220,119,2115
Aaron Watson,f,9,71,11,2309
Joseph Thomas,f,85,128,49,2327
Grace Cook,f,111,213,115,2908
Michael Horn,f,101,194,86,1753
Theodore Pham,f,105,82,22,1255
Becky Caldwell,m,87,183,90,2247
Sarah Peck,m,75,62,16,1965
Sarah Martinez,f,85,101,23,1691
Jacob Torres,m,27,207,107,1520
Gregory Johnson,f,110,220,115,2565
Brandy Strong,f,96,90,22,1521
Brandon White,f,44,227,127,2774
Joseph Schneider,m,26,218,107,2559
Michael Cline,m,51,194,96,1969
Mary Wright,m,107,155,69,2524
Morgan Ramos,m,105,62,14,2407
Jeffery Johnson,f,32,181,77,2611
Paul Torres,f,39,52,18,1683
Tanya Diaz,m,106,138,45,2265
Barry Simpson,m,104,237,141,1454
Shane Cox,f,83,118,32,1514
James Williams,f,105,59,8,1023
James Pratt,f,3,112,36,1486
Justin Barker,f,67,66,24,2114
Felicia White,m,77,162,73,1046
Tabitha Zimmerman,f,99,104,36,2584
Christina Williams,f,107,246,136,2515
Jenna Taylor,m,107,201,101,1626
Antonio Bradford,m,87,202,96,1543
Chelsea Norman,f,106,41,10,2562
Lauren Barnes,f,80,40,14,1144
Wendy Lee,m,57,137,53,2098
Joshua Johnson,f,43,59,10,2096
James Brown,f,7,241,144,2416
Ashley Mata,m,56,231,129,1202
Kristen Baker,m,5,130,52,1983
Joel Durham,f,107,166,75,2539
Andrew Martinez,m,79,137,49,1303
Joshua Reynolds,m,31,95,32,2788
Jennifer Jones,m,33,237,126,1715
Maria Elliott,m,65,216,105,2709
Nicholas Martinez,f,12,67,19,1705
Karen Mcdonald,m,63,165,65,2230
Hunter Holloway,m,90,92,19,2991
Patricia Hall,m,109,117,36,1290
Robert Jones,f,52,136,53,2681
Timothy Hernandez,f,5,184,78,2790
Erin Phillips,m,41,98,26,1042
Sonya Hogan,f,65,151,56,1491
Randall Ford,f,8,70,22,1640
Joshua Johnson,m,107,196,100,1406
Andrew Keith,f,17,85,17,2275
Courtney Huang,f,77,151,55,2534
Mrs. Olivia Gomez MD,m,83,133,53,1957
Jessica Marshall,m,105,60,11,1160
George Leonard,f,101,176,76,2743
Kara Davis,m,17,70,22,2009
James Kennedy,m,48,245,149,1786
Joseph Duncan,m,15,72,19,1022
Christina Mitchell,m,90,153,54,2989
Tiffany Garza,m,110,100,22,2494
Michael Williams,f,53,75,26,1343
Lori Green,f,32,154,68,1485
Bryan West,m,63,163,74,2761
Christian Ortiz,f,102,102,37,2866
Daniel Rivera,m,11,143,57,1643
Kyle Coleman,m,110,70,18,2243
Danielle Obrien,m,84,224,112,1036
